Date,Name,Year,Letterboxd URI
2024-04-26,Hellraiser,1987,https://boxd.it/1Zpi
2024-04-26,Tucker and Dale vs. Evil,2010,https://boxd.it/Mce
2024-04-26,The Grand Budapest Hotel,2014,https://boxd.it/3ZqO
2024-04-26,American Psycho,2000,https://boxd.it/28Vs
2024-04-26,John Wick,2014,https://boxd.it/7dEc
2024-04-26,The Matrix,1999,https://boxd.it/2a1m
2024-04-26,John Wick: Chapter 4,2023,https://boxd.it/mh48
2024-04-26,John Wick: Chapter 2,2017,https://boxd.it/ayGu
2024-04-26,John Wick: Chapter 3 – Parabellum,2019,https://boxd.it/gmFw
2024-04-26,The Matrix Reloaded,2003,https://boxd.it/2a1c
2024-04-26,The Matrix Revolutions,2003,https://boxd.it/2a12
2024-04-26,Constantine,2005,https://boxd.it/2a7E
2024-04-26,Bill & Ted's Bogus Journey,1991,https://boxd.it/28oy
2024-04-26,Bill & Ted's Excellent Adventure,1989,https://boxd.it/28oI
2024-04-26,Bill & Ted Face the Music,2020,https://boxd.it/i7BI
2024-04-26,Spider-Man,2002,https://boxd.it/2a8i
2024-04-26,Spider-Man 2,2004,https://boxd.it/2a88
2024-04-26,Spider-Man 3,2007,https://boxd.it/2a7Y
2024-04-26,The Boondock Saints,1999,https://boxd.it/20gw
2024-04-26,John Carter,2012,https://boxd.it/FQ2
2024-04-26,Deadpool 2,2018,https://boxd.it/dlLM
2024-04-26,Deadpool,2016,https://boxd.it/9fOC
2024-04-26,Ted,2012,https://boxd.it/2pgc
2024-04-26,Ted 2,2015,https://boxd.it/6oCY
2024-04-26,X-Men Origins: Wolverine,2009,https://boxd.it/27ug
2024-04-26,Green Lantern,2011,https://boxd.it/QN4
2024-04-26,National Lampoon's Van Wilder,2002,https://boxd.it/1TOQ
2024-04-26,"I, Robot",2004,https://boxd.it/27y8
2024-04-26,No Country for Old Men,2007,https://boxd.it/21ew
2024-04-26,Big Money Rustlas,2010,https://boxd.it/TOu
2024-04-26,The United States of Insanity,2021,https://boxd.it/uxCG
2024-04-26,Big Money Hustlas,2000,https://boxd.it/1MWo
2024-04-26,Logan,2017,https://boxd.it/7Piy
2024-04-26,X-Men,2000,https://boxd.it/1a7s
2024-04-26,X-Men: First Class,2011,https://boxd.it/FOA
2024-04-26,X-Men: Days of Future Past,2014,https://boxd.it/4aRw
2024-04-26,X-Men: Apocalypse,2016,https://boxd.it/7eJi
2024-04-26,X2,2003,https://boxd.it/1a7i
2024-04-26,The Wolverine,2013,https://boxd.it/2CWU
2024-04-26,X-Men: The Last Stand,2006,https://boxd.it/1a5Q
2024-04-26,The Five Venoms,1978,https://boxd.it/1Q5o
2024-04-26,The 36th Chamber of Shaolin,1978,https://boxd.it/1SXC
2024-04-26,Kill Bill: Vol. 1,2003,https://boxd.it/70w
2024-04-26,Kill Bill: Vol. 2,2004,https://boxd.it/2au4
2024-04-26,Return to the 36th Chamber,1980,https://boxd.it/INg
2024-04-26,Disciples of the 36th Chamber,1985,https://boxd.it/DkI
2024-04-26,Home Alone,1990,https://boxd.it/29Fg
2024-04-26,Home Alone 2: Lost in New York,1992,https://boxd.it/29F6
2024-04-26,Ri¢hie Ri¢h,1994,https://boxd.it/1URw
2024-04-26,Patchwork,2015,https://boxd.it/cfrY
2024-04-26,Hellbound: Hellraiser II,1988,https://boxd.it/1ZfW
2024-04-26,Hellraiser III: Hell on Earth,1992,https://boxd.it/1TwW
2024-04-26,Hellraiser: Bloodline,1996,https://boxd.it/1ZSk
2024-04-26,Hellraiser: Hellworld,2005,https://boxd.it/1Rom
2024-04-26,Dragon Ball Z: Dead Zone,1989,https://boxd.it/1pci
2024-04-26,Dragon Ball Z: The World's Strongest,1990,https://boxd.it/14ti
2024-04-26,Dragon Ball Z: The Tree of Might,1990,https://boxd.it/14t8
2024-04-26,Dragon Ball Z: Bardock - The Father of Goku,1990,https://boxd.it/13WS
2024-04-26,Dragon Ball Z: Lord Slug,1991,https://boxd.it/14sY
2024-04-26,Dragon Ball Z: Broly - The Legendary Super Saiyan,1993,https://boxd.it/1dTu
2024-04-26,Dragon Ball Z: The History of Trunks,1993,https://boxd.it/13WI
2024-04-26,Dragon Ball Z Side Story: Plan to Eradicate the Saiyans,1993,https://boxd.it/ogk4
2024-04-26,Dragon Ball Z: Broly - Second Coming,1994,https://boxd.it/Sqm
2024-04-26,Dragon Ball Z: Bio-Broly,1994,https://boxd.it/14sk
2024-04-26,Dragon Ball Z: Fusion Reborn,1995,https://boxd.it/14sa
2024-04-26,Dragon Ball Z: Wrath of the Dragon,1995,https://boxd.it/14s0
2024-04-26,Dragon Ball Z: Battle of Gods,2013,https://boxd.it/4a0C
2024-04-26,Dragon Ball Z: Resurrection 'F',2015,https://boxd.it/9GCI
2024-04-26,Dragon Ball Super: Broly,2018,https://boxd.it/iaWE
2024-04-26,Dragon Ball Super: Super Hero,2022,https://boxd.it/mxII
2024-04-26,Dragonball Evolution,2009,https://boxd.it/1ODy
2024-04-26,The Martian,2015,https://boxd.it/8SeG
2024-04-26,Frankenhooker,1990,https://boxd.it/1saE
2024-04-26,Airplane!,1980,https://boxd.it/29yu
2024-04-26,Spaceballs,1987,https://boxd.it/29cy
2024-04-26,Blazing Saddles,1974,https://boxd.it/1UHQ
2024-04-26,Robin Hood: Men in Tights,1993,https://boxd.it/20H8
2024-04-26,Modern Times,1936,https://boxd.it/25MC
2024-04-26,Superhero Movie,2008,https://boxd.it/1SM0
2024-04-26,Pulp Fiction,1994,https://boxd.it/29Pq
2024-04-26,Wheels on Meals,1984,https://boxd.it/1Unm
2024-04-26,Rush Hour,1998,https://boxd.it/27pU
2024-04-26,Enter the Dragon,1973,https://boxd.it/1YCA
2024-04-26,The Tuxedo,2002,https://boxd.it/1Vra
2024-04-26,Skiptrace,2016,https://boxd.it/88Kw
2024-04-26,Spy Kids,2001,https://boxd.it/1Xcw
2024-04-26,Spy Kids 2: The Island of Lost Dreams,2002,https://boxd.it/1Yyo
2024-04-26,Spy Kids 3-D: Game Over,2003,https://boxd.it/1S7w
2024-04-26,Psycho,1960,https://boxd.it/2ab2
2024-04-26,The Exorcist,1973,https://boxd.it/1Yoo
2024-04-26,The Texas Chain Saw Massacre,1974,https://boxd.it/1lcS
2024-04-26,Night of the Living Dead,1968,https://boxd.it/1WwA
2024-04-26,Dawn of the Dead,1978,https://boxd.it/29gU
2024-04-26,The Return of the Living Dead,1985,https://boxd.it/1V3W
2024-04-26,Day of the Dead,1985,https://boxd.it/20dM
2024-04-26,Shaun of the Dead,2004,https://boxd.it/29J8
2024-04-26,Land of the Dead,2005,https://boxd.it/1Tfm
2024-04-26,Scott Pilgrim vs. the World,2010,https://boxd.it/1Aq6
2024-04-26,Hot Fuzz,2007,https://boxd.it/2416
2024-04-26,The World's End,2013,https://boxd.it/3EiO
2024-04-26,Tropic Thunder,2008,https://boxd.it/20WM
2024-04-26,Night at the Museum,2006,https://boxd.it/28wi
2024-04-26,Madagascar: Escape 2 Africa,2008,https://boxd.it/1W2K
2024-04-26,Happy Gilmore,1996,https://boxd.it/1Yey
2024-04-26,Night at the Museum: Battle of the Smithsonian,2009,https://boxd.it/1H7U
2024-04-26,The Cable Guy,1996,https://boxd.it/1XAI
2024-04-26,Tenacious D in The Pick of Destiny,2006,https://boxd.it/27go
2024-04-26,School of Rock,2003,https://boxd.it/28xK
2024-04-26,Jumanji: The Next Level,2019,https://boxd.it/ixu4
2024-04-26,Dio: Dreamers Never Die,2022,https://boxd.it/zegm
2024-04-26,Year One,2009,https://boxd.it/1Ink
2024-04-26,Ricky Gervais: Humanity,2018,https://boxd.it/ipiO
2024-04-26,The Truman Show,1998,https://boxd.it/18U8
2024-04-26,The Mask,1994,https://boxd.it/29rS
2024-04-26,Sonic the Hedgehog,2020,https://boxd.it/gdK8
2024-04-26,Bruce Almighty,2003,https://boxd.it/2aCC
2024-04-26,Dumb and Dumber,1994,https://boxd.it/206m
2024-04-26,Sonic the Hedgehog 2,2022,https://boxd.it/pb8O
2024-04-26,Ace Ventura: Pet Detective,1994,https://boxd.it/25RW
2024-04-26,Batman Forever,1995,https://boxd.it/2ara
2024-04-26,Liar Liar,1997,https://boxd.it/28sg
2024-04-26,Lemony Snicket's A Series of Unfortunate Events,2004,https://boxd.it/1T7s
2024-04-26,"The Chronicles of Narnia: The Lion, the Witch and the Wardrobe",2005,https://boxd.it/2ark
2024-04-26,Ace Ventura: When Nature Calls,1995,https://boxd.it/1Z66
2024-04-26,Dumb and Dumber To,2014,https://boxd.it/3qPk
2024-04-26,Click,2006,https://boxd.it/1YVM
2024-04-26,Grown Ups,2010,https://boxd.it/169a
2024-04-26,Napoleon Dynamite,2004,https://boxd.it/20wu
2024-04-26,The Emperor's New Groove,2000,https://boxd.it/1Tey
2024-04-26,Tommy Boy,1995,https://boxd.it/1TZ0
2024-04-26,Jack and Jill,2011,https://boxd.it/2pQu
2024-04-26,The Benchwarmers,2006,https://boxd.it/1Xr2
2024-04-26,Joe Dirt,2001,https://boxd.it/1UZ6
2024-04-26,50 First Dates,2004,https://boxd.it/285c
2024-04-26,Grown Ups 2,2013,https://boxd.it/3GAq
2024-04-26,You Don't Mess with the Zohan,2008,https://boxd.it/1VHs
2024-04-26,Billy Madison,1995,https://boxd.it/1UQI
2024-04-26,Coneheads,1993,https://boxd.it/1YeS
2024-04-26,Beetlejuice,1988,https://boxd.it/24QI
2024-04-26,Ghostbusters,1984,https://boxd.it/g2w
2024-04-26,Alice in Wonderland,2010,https://boxd.it/1Spq
2024-04-26,Charlie and the Chocolate Factory,2005,https://boxd.it/2b68
2024-04-26,Edward Scissorhands,1990,https://boxd.it/2aZc
2024-04-26,Sweeney Todd: The Demon Barber of Fleet Street,2007,https://boxd.it/1PcS
2024-04-26,Harry Potter and the Prisoner of Azkaban,2004,https://boxd.it/29Qy
2024-04-26,Harry Potter and the Philosopher's Stone,2001,https://boxd.it/29QS
2024-04-26,Harry Potter and the Goblet of Fire,2005,https://boxd.it/29Qo
2024-04-26,Harry Potter and the Chamber of Secrets,2002,https://boxd.it/29QI
2024-04-26,Harry Potter and the Deathly Hallows: Part 2,2011,https://boxd.it/1RYk
2024-04-26,Harry Potter and the Order of the Phoenix,2007,https://boxd.it/29Qe
2024-04-26,Harry Potter and the Half-Blood Prince,2009,https://boxd.it/29FU
2024-04-26,Harry Potter and the Deathly Hallows: Part 1,2010,https://boxd.it/1RYu
2024-04-26,Mars Attacks!,1996,https://boxd.it/2bd4
2024-04-26,Dark Shadows,2012,https://boxd.it/bQ2
2024-04-26,Pee-wee's Big Adventure,1985,https://boxd.it/22Lw
2024-04-26,Jumanji,1995,https://boxd.it/1ZLI
2024-04-26,Absolutely Anything,2015,https://boxd.it/34Ry
2024-04-26,The SpongeBob SquarePants Movie,2004,https://boxd.it/1SYq
2024-04-26,Ant-Man,2015,https://boxd.it/3vmW
2024-04-26,Captain America: Civil War,2016,https://boxd.it/89Ja
2024-04-26,Avengers: Infinity War,2018,https://boxd.it/9vEe
2024-04-26,Avengers: Endgame,2019,https://boxd.it/9vE4
2024-04-26,Spider-Man: Homecoming,2017,https://boxd.it/aboM
2024-04-26,Spider-Man: No Way Home,2021,https://boxd.it/nwRw
2024-04-26,The Avengers,2012,https://boxd.it/1xFW
2024-04-26,Iron Man,2008,https://boxd.it/28dA
2024-04-26,Avengers: Age of Ultron,2015,https://boxd.it/3qi6
2024-04-26,Sherlock Holmes,2009,https://boxd.it/1W2A
2024-04-26,Iron Man 2,2010,https://boxd.it/1WZM
2024-04-26,Iron Man 3,2013,https://boxd.it/2cBQ
2024-04-26,Labyrinth,1986,https://boxd.it/1POC
2024-04-26,The Evil Dead,1981,https://boxd.it/29Go
2024-04-26,Army of Darkness,1992,https://boxd.it/29G4
2024-04-26,Evil Dead II,1987,https://boxd.it/29Ge
2024-04-26,The Thing,1982,https://boxd.it/294O
2024-04-26,Clue,1985,https://boxd.it/1MDQ
2024-04-26,The Goonies,1985,https://boxd.it/1YVC
2024-04-26,Halloween,1978,https://boxd.it/2wRu
2024-04-26,Life of Brian,1979,https://boxd.it/2a4q
2024-04-26,Monty Python's The Meaning of Life,1983,https://boxd.it/249E
2024-04-26,Monty Python and the Holy Grail,1975,https://boxd.it/29GI
2024-04-26,The Rocky Horror Picture Show,1975,https://boxd.it/1a3q
2024-04-26,Scooby-Doo on Zombie Island,1998,https://boxd.it/1QIg
2024-04-26,It,1990,https://boxd.it/26tG
2024-04-26,Scooby-Doo 2: Monsters Unleashed,2004,https://boxd.it/1UPA
2024-04-26,Scooby-Doo,2002,https://boxd.it/1YaQ
2024-04-26,Oldboy,2003,https://boxd.it/29R2
2024-04-26,The Room,2003,https://boxd.it/1ICY
2024-04-26,Shrek 2,2004,https://boxd.it/29z8
2024-04-26,Shrek,2001,https://boxd.it/29zi
2024-04-26,Austin Powers: International Man of Mystery,1997,https://boxd.it/29y0
2024-04-26,The Cat in the Hat,2003,https://boxd.it/1VSU
2024-04-26,Wayne's World,1992,https://boxd.it/1ZHG
2024-04-26,Austin Powers: The Spy Who Shagged Me,1999,https://boxd.it/29xQ
2024-04-26,Austin Powers in Goldmember,2002,https://boxd.it/29xG
2024-04-26,Wayne's World 2,1993,https://boxd.it/1ZHw
2024-04-26,The Love Guru,2008,https://boxd.it/1Sm2
2024-04-26,How the Grinch Stole Christmas,2000,https://boxd.it/1ZHQ
2024-04-26,The Lord of the Rings: The Fellowship of the Ring,2001,https://boxd.it/2b5O
2024-04-26,The Lord of the Rings: The Return of the King,2003,https://boxd.it/2b5u
2024-04-26,The Lord of the Rings: The Two Towers,2002,https://boxd.it/2b5E
2024-04-26,Back to the Future,1985,https://boxd.it/2b8e
2024-04-26,Back to the Future Part II,1989,https://boxd.it/2aYI
2024-04-26,Back to the Future Part III,1990,https://boxd.it/2aTS
2024-04-26,The Hobbit: An Unexpected Journey,2012,https://boxd.it/GZk
2024-04-26,Face/Off,1997,https://boxd.it/29I0
2024-04-26,Forrest Gump,1994,https://boxd.it/728
2024-04-26,Jurassic Park,1993,https://boxd.it/2aA2
2024-04-26,The Silence of the Lambs,1991,https://boxd.it/2aHW
2024-04-26,GoodFellas,1990,https://boxd.it/29FA
2024-04-26,Kingsman: The Secret Service,2014,https://boxd.it/6dxe
2024-04-26,The Dark Knight,2008,https://boxd.it/2b0k
2024-04-26,Inception,2010,https://boxd.it/1skk
2024-04-26,The Dark Knight Rises,2012,https://boxd.it/H3m
2024-04-26,Batman Begins,2005,https://boxd.it/2aIg
2024-04-26,The Crazies,2010,https://boxd.it/1nvW
2024-04-26,The Wolf of Wall Street,2013,https://boxd.it/3C1m
2024-04-26,The Watch,2012,https://boxd.it/2MZk
2024-04-26,Superbad,2007,https://boxd.it/20hO
2024-04-26,21 Jump Street,2012,https://boxd.it/J0
2024-04-26,The Terminator,1984,https://boxd.it/2aQY
2024-04-26,Terminator 2: Judgment Day,1991,https://boxd.it/2aGY
2024-04-26,Terminator 3: Rise of the Machines,2003,https://boxd.it/2aES
2024-04-26,Terminator Salvation,2009,https://boxd.it/2abQ
2024-04-26,Batman & Robin,1997,https://boxd.it/2ar0
2024-04-26,Zombieland,2009,https://boxd.it/1En6
2024-04-26,The Social Network,2010,https://boxd.it/17ue
2024-04-26,Batman v Superman: Dawn of Justice,2016,https://boxd.it/6fBW
2024-04-26,Man of Steel,2013,https://boxd.it/FRk
2024-04-26,Zombieland: Double Tap,2019,https://boxd.it/bgb6
2024-04-26,Borat: Cultural Learnings of America for Make Benefit Glorious Nation of Kazakhstan,2006,https://boxd.it/2agQ
2024-04-26,Madagascar,2005,https://boxd.it/29dc
2024-04-26,The Dictator,2012,https://boxd.it/2DEW
2024-04-26,Talladega Nights: The Ballad of Ricky Bobby,2006,https://boxd.it/1XYq
2024-04-26,Brüno,2009,https://boxd.it/1GSA
2024-04-26,Willy Wonka & the Chocolate Factory,1971,https://boxd.it/2aLu
2024-04-26,Puppetmaster,1989,https://boxd.it/1sOk
2024-04-26,Ashens and the Quest for the Gamechild,2013,https://boxd.it/6kVW
2024-04-26,Ashens and the Polybius Heist,2020,https://boxd.it/lz4y
2024-04-26,Mad Max: Fury Road,2015,https://boxd.it/2DjO
2024-04-26,Return of the Jedi,1983,https://boxd.it/27Vm
2024-04-26,Star Wars,1977,https://boxd.it/72s
2024-04-26,The Empire Strikes Back,1980,https://boxd.it/27Vw
2024-04-26,Star Wars: The Force Awakens,2015,https://boxd.it/4vru
2024-04-26,Guardians of the Galaxy,2014,https://boxd.it/3VH2
2024-04-26,Guardians of the Galaxy Vol. 2,2017,https://boxd.it/8MxC
2024-04-26,Guardians of the Galaxy Vol. 3,2023,https://boxd.it/fVNI
2024-04-26,Star Wars: Episode I – The Phantom Menace,1999,https://boxd.it/27Vc
2024-04-26,Star Wars: Episode II – Attack of the Clones,2002,https://boxd.it/27V2
2024-04-26,Star Wars: Episode III – Revenge of the Sith,2005,https://boxd.it/27US
2024-04-26,Robot Chicken: Star Wars,2007,https://boxd.it/VBs
2024-04-26,Robot Chicken: Star Wars Episode II,2008,https://boxd.it/VAY
2024-04-26,Robot Chicken: Star Wars Episode III,2010,https://boxd.it/AjC
2024-04-26,Rogue One: A Star Wars Story,2016,https://boxd.it/aPvy
2024-04-26,Solo: A Star Wars Story,2018,https://boxd.it/bGWs
2024-04-26,They Live,1988,https://boxd.it/20lm
2024-04-26,Planet of the Apes,1968,https://boxd.it/29p8
2024-04-26,Rise of the Planet of the Apes,2011,https://boxd.it/cS4
2024-04-26,The Fly,1986,https://boxd.it/1YIe
2024-04-26,Schindler's List,1993,https://boxd.it/2aq2
2024-04-26,Jaws,1975,https://boxd.it/2a5e
2024-04-26,The Nightmare Before Christmas,1993,https://boxd.it/1YzQ
2024-04-26,The Mummy,1999,https://boxd.it/2a7a
2024-04-26,"South Park: Bigger, Longer & Uncut",1999,https://boxd.it/1YAO
2024-04-26,Bicentennial Man,1999,https://boxd.it/2722
2024-04-26,"Monsters, Inc.",2001,https://boxd.it/2a46
2024-04-26,Big Fat Liar,2002,https://boxd.it/1STg
2024-04-26,Coming to America,1988,https://boxd.it/1Ygu
2024-04-26,The Haunted Mansion,2003,https://boxd.it/1Vtq
2024-04-26,Norbit,2007,https://boxd.it/1XSM
2024-04-26,The Nutty Professor,1996,https://boxd.it/1YXI
2024-04-26,Kangaroo Jack,2003,https://boxd.it/1VMM
2024-04-26,Finding Nemo,2003,https://boxd.it/72i
2024-04-26,Pirates of the Caribbean: The Curse of the Black Pearl,2003,https://boxd.it/70G
2024-04-26,Elf,2003,https://boxd.it/1VyK
2024-04-26,Hellboy,2004,https://boxd.it/28HK
2024-04-26,Pirates of the Caribbean: At World's End,2007,https://boxd.it/2aGu
2024-04-26,Pirates of the Caribbean: Dead Man's Chest,2006,https://boxd.it/2bfk
2024-04-26,Fantastic Beasts and Where to Find Them,2016,https://boxd.it/7FPC
2024-04-26,Pirates of the Caribbean: On Stranger Tides,2011,https://boxd.it/27Z4
2024-04-26,Pirates of the Caribbean: Dead Men Tell No Tales,2017,https://boxd.it/5a9m
2024-04-26,The Polar Express,2004,https://boxd.it/23am
2024-04-26,Hitch,2005,https://boxd.it/205o
2024-04-26,Jackass Forever,2022,https://boxd.it/opUg
2024-04-26,Jackass: The Movie,2002,https://boxd.it/1Zo0
2024-04-26,Jackass Number Two,2006,https://boxd.it/1SyM
2024-04-26,Jackass 3D,2010,https://boxd.it/1KpM
2024-04-26,Jackass 2.5,2007,https://boxd.it/1OEw
2024-04-26,Jackass 3.5,2011,https://boxd.it/2Ak
2024-04-26,Suicide Squad,2016,https://boxd.it/9row
2024-04-26,Men in Black,1997,https://boxd.it/2a0I
2024-04-26,I Am Legend,2007,https://boxd.it/21DG
2024-04-26,Men in Black II,2002,https://boxd.it/2a0y
2024-04-26,Men in Black 3,2012,https://boxd.it/103U
2024-04-26,Hancock,2008,https://boxd.it/1Zv6
2024-04-26,The Incredible Hulk,2008,https://boxd.it/28dU
2024-04-26,The Invention of Lying,2009,https://boxd.it/1zGs
2024-04-26,The Expendables 2,2012,https://boxd.it/2CPE
2024-04-26,Beavis and Butt-Head Do America,1996,https://boxd.it/25zo
2024-04-26,The Fifth Element,1997,https://boxd.it/71k
2024-04-26,Beavis and Butt-Head Do the Universe,2022,https://boxd.it/vf5Q
2024-04-26,Avatar,2009,https://boxd.it/1Efm
2024-04-26,Twilight,2008,https://boxd.it/1Zui
2024-04-26,The Hunger Games,2012,https://boxd.it/2uds
2024-04-26,22 Jump Street,2014,https://boxd.it/5Fvy
2024-04-26,The Great Gatsby,2013,https://boxd.it/JY
2024-04-26,The Lego Movie,2014,https://boxd.it/4pDO
2024-04-26,Captain America: The Winter Soldier,2014,https://boxd.it/3r58
2024-04-26,Fantastic Four,2015,https://boxd.it/5a9c
2024-04-26,Jurassic World,2015,https://boxd.it/4n0g
2024-04-26,Bo Burnham: Make Happy,2016,https://boxd.it/e436
2024-04-26,Thor: Ragnarok,2017,https://boxd.it/8MHi
2024-04-26,Incredibles 2,2018,https://boxd.it/7IPg
2024-04-26,The Incredibles,2004,https://boxd.it/1XLm
2024-04-26,Joker,2019,https://boxd.it/h4cS
2024-04-26,Dungeons & Dragons: Honor Among Thieves,2023,https://boxd.it/hN1A
2024-04-26,Chronicle,2012,https://boxd.it/2Emk
2024-04-26,Lifeforce,1985,https://boxd.it/1SGw
2024-04-26,Ring,1998,https://boxd.it/26tw
2024-04-26,Toy Story,1995,https://boxd.it/29qA
2024-04-26,Toy Story 2,1999,https://boxd.it/29qq
2024-04-26,Toy Story 3,2010,https://boxd.it/1WRe
2024-04-26,The Santa Clause,1994,https://boxd.it/1TWK
2024-04-26,The Santa Clause 2,2002,https://boxd.it/1ZmI
2024-04-26,The Santa Clause 3: The Escape Clause,2006,https://boxd.it/1Psw
2024-04-26,Jennifer's Body,2009,https://boxd.it/1Efw
2024-04-26,Thor,2011,https://boxd.it/1WQU
2024-04-26,The Sixth Sense,1999,https://boxd.it/29Js
2024-04-26,Train to Busan,2016,https://boxd.it/dSQU
2024-04-26,Easy A,2010,https://boxd.it/17DK
2024-04-26,Ready Player One,2018,https://boxd.it/aZes
2024-04-26,Thor: The Dark World,2013,https://boxd.it/2DqA
2024-04-26,Ice Age,2002,https://boxd.it/2apS
2024-04-26,Kick-Ass,2010,https://boxd.it/1zaQ
2024-04-26,Cast Away,2000,https://boxd.it/20i8
2024-04-26,Transformers,2007,https://boxd.it/280c
2024-04-26,Morbius,2022,https://boxd.it/j978
2024-04-26,The Addams Family,1991,https://boxd.it/267g
2024-04-26,The Interview,2014,https://boxd.it/6KQ4
2024-04-26,Thor: Love and Thunder,2022,https://boxd.it/mMAY
2024-04-26,The Bourne Identity,2002,https://boxd.it/26EO
2024-04-26,The Bourne Supremacy,2004,https://boxd.it/26EE
2024-04-26,The Bourne Ultimatum,2007,https://boxd.it/26Eu
2024-04-26,Osmosis Jones,2001,https://boxd.it/1RAi
2024-04-26,Ip Man,2008,https://boxd.it/1NrQ
2024-04-26,Ip Man 2,2010,https://boxd.it/18gs
2024-04-26,Master Z: Ip Man Legacy,2018,https://boxd.it/g2lQ
2024-04-26,Ip Man 3,2015,https://boxd.it/cDqA
2024-04-26,Taken,2008,https://boxd.it/1ZXa
2024-04-26,Taken 2,2012,https://boxd.it/2TWi
2024-04-26,The Flying Guillotine,1975,https://boxd.it/cbY
2024-04-26,Five Element Ninjas,1982,https://boxd.it/ZvS
2024-04-26,Kid with the Golden Arm,1979,https://boxd.it/1Q0S
2024-04-27,The Shining,1980,https://boxd.it/29Nu
2024-04-27,Now You See Me,2013,https://boxd.it/2Bsu
2024-04-27,World War Z,2013,https://boxd.it/2p2E
2024-04-27,The Beauty Inside,2015,https://boxd.it/bfC6
2024-04-27,Spider-Man: Across the Spider-Verse,2023,https://boxd.it/kSz4
2024-04-27,Double King,2017,https://boxd.it/g2Sq
2024-04-27,Resident Evil: Apocalypse,2004,https://boxd.it/28yS
2024-04-27,Resident Evil,2002,https://boxd.it/28z2
2024-04-27,Resident Evil: Retribution,2012,https://boxd.it/2qmK
2024-04-27,Resident Evil: The Final Chapter,2016,https://boxd.it/5lqS
2024-04-27,Resident Evil: Extinction,2007,https://boxd.it/20Oy
2024-04-27,Resident Evil: Afterlife,2010,https://boxd.it/1bVo
2024-04-27,The Wizard of Oz,1939,https://boxd.it/29Xu
2024-04-27,The Little Rascals,1994,https://boxd.it/1V8i
2024-04-27,28 Days Later,2002,https://boxd.it/2aXU
2024-04-27,Don't Be a Menace to South Central While Drinking Your Juice in the Hood,1996,https://boxd.it/1VQa
2024-04-27,A Haunted House,2013,https://boxd.it/4sOU
2024-04-27,Child's Play,1988,https://boxd.it/1VTo
2024-04-27,Child's Play 2,1990,https://boxd.it/1Uqq
2024-04-27,Bad Santa,2003,https://boxd.it/1WYk
2024-04-27,Romeo + Juliet,1996,https://boxd.it/2ama
2024-04-27,The Simpsons Movie,2007,https://boxd.it/6YU
2024-04-27,The Amazing Spider-Man,2012,https://boxd.it/27PI
2024-04-27,Cockneys vs Zombies,2012,https://boxd.it/3Pa2
2024-04-27,Fantastic Four: Rise of the Silver Surfer,2007,https://boxd.it/27Ii
2024-04-27,Fantastic Four,2005,https://boxd.it/1XVw
2024-04-27,Harold & Kumar Go to White Castle,2004,https://boxd.it/1Ueu
2024-04-27,The Blind Side,2009,https://boxd.it/1zWg
2024-04-27,The Expendables,2010,https://boxd.it/1rtA
2024-04-27,The Girl with the Dragon Tattoo,2011,https://boxd.it/2Pa
2024-04-27,Final Destination,2000,https://boxd.it/1YrC
2024-04-27,Journey to the Center of the Earth,2008,https://boxd.it/38EI
2024-04-27,Lucy,2014,https://boxd.it/75hu
2024-04-27,Ghost Rider,2007,https://boxd.it/290M
2024-04-27,Ghost Rider: Spirit of Vengeance,2011,https://boxd.it/2qne
2024-04-27,National Treasure,2004,https://boxd.it/27x0
2024-04-27,National Treasure: Book of Secrets,2007,https://boxd.it/21rq
2024-04-27,"Honey, I Shrunk the Kids",1989,https://boxd.it/1YTw
2024-04-27,Abraham Lincoln: Vampire Hunter,2012,https://boxd.it/2oG4
2024-04-27,Movie 43,2013,https://boxd.it/37qK
2024-04-27,The Pursuit of Happyness,2006,https://boxd.it/28PE
2024-04-27,Hulk,2003,https://boxd.it/27PS
2024-04-27,Hellboy II: The Golden Army,2008,https://boxd.it/1Ug6
2024-04-27,A Nightmare on Elm Street,2010,https://boxd.it/1zdg
2024-04-27,Zack and Miri Make a Porno,2008,https://boxd.it/1WsI
2024-04-28,The Life Aquatic with Steve Zissou,2004,https://boxd.it/2aqw
2024-05-05,The Royal Tenenbaums,2001,https://boxd.it/1YHU
2024-05-19,Drive,2011,https://boxd.it/IG
2024-08-30,Deadpool & Wolverine,2024,https://boxd.it/jq8s
2024-09-18,Deathgasm,2015,https://boxd.it/avNs
2024-10-02,Eraserhead,1977,https://boxd.it/299u
2024-10-21,The Great White Hype,1996,https://boxd.it/1CXG
2024-11-13,Fantastic Mr. Fox,2009,https://boxd.it/1WyQ
2024-11-13,Arsenic and Old Lace,1944,https://boxd.it/2aRW
2024-11-29,ThanksKilling,2008,https://boxd.it/gcG
2024-12-16,RoboCop,1987,https://boxd.it/22Wu
2024-12-16,Drunken Master,1978,https://boxd.it/1Ujk
2024-12-30,Mr. Nice Guy,1997,https://boxd.it/1VNK
2025-01-06,Bad Boys,1995,https://boxd.it/1XVG
2025-01-13,Office Space,1999,https://boxd.it/28Em
2025-01-13,Super Troopers,2001,https://boxd.it/12Rs
2025-01-15,Nosferatu,1922,https://boxd.it/29TM
2025-01-21,Total Recall,1990,https://boxd.it/29qK
2025-01-22,Sonic the Hedgehog 3,2024,https://boxd.it/zq0U
2025-01-23,Nosferatu,2024,https://boxd.it/f5eG
2025-01-29,Police Story,1985,https://boxd.it/1Zhe
2025-01-29,Police Story 2,1988,https://boxd.it/1VtU
2025-02-19,Head,1968,https://boxd.it/1HoQ
2025-02-19,Bottle Rocket,1996,https://boxd.it/1PDa
2025-03-12,PlayTime,1967,https://boxd.it/1WLK
2025-03-12,The Darjeeling Limited,2007,https://boxd.it/24as
2025-03-24,30 Minutes or Less,2011,https://boxd.it/bRa
2025-03-25,Little Nicky,2000,https://boxd.it/1Y4I
2025-03-26,Your Highness,2011,https://boxd.it/16g6
2025-03-26,Jour de Fête,1949,https://boxd.it/243Q
2025-03-30,Hardcore Henry,2015,https://boxd.it/aAIM
2025-04-02,Taxi Driver,1976,https://boxd.it/2b8y
2025-04-16,My Cousin Vinny,1992,https://boxd.it/1WpO
2025-04-28,Balls of Fury,2007,https://boxd.it/1XTK
2025-04-30,"The French Dispatch of the Liberty, Kansas Evening Sun",2021,https://boxd.it/jLP8
2025-04-30,Harakiri,1962,https://boxd.it/1NTU
2025-05-12,First Blood,1982,https://boxd.it/28U0
2025-05-15,Fist of Fury,1972,https://boxd.it/1TaG
2025-05-21,Game of Death,1978,https://boxd.it/1Qpe
2025-06-07,UHF,1989,https://boxd.it/1SFI
2025-06-09,The Big Boss,1971,https://boxd.it/1RU8
2025-06-23,Shanghai Noon,2000,https://boxd.it/202a
2025-07-09,The Princess Bride,1987,https://boxd.it/26EY
2025-07-09,Elvira: Mistress of the Dark,1988,https://boxd.it/22LG
2025-07-09,BASEketball,1998,https://boxd.it/1OVs
2025-09-13,Weapons,2025,https://boxd.it/EMTM
2025-11-01,Ju-on: The Grudge,2002,https://boxd.it/1SY6
2025-11-12,Frownland,2007,https://boxd.it/1z7W
2025-11-21,Free Guy,2021,https://boxd.it/k8dm
2025-11-21,Nobody 2,2025,https://boxd.it/C5Lc
2025-11-26,Whiplash,2014,https://boxd.it/7bQA
2025-11-26,Rashomon,1950,https://boxd.it/2a9K
2025-12-10,The House That Jack Built,2018,https://boxd.it/dWO4
2025-12-17,Trading Places,1983,https://boxd.it/28sK
2026-01-31,"Godzilla, Mothra and King Ghidorah: Giant Monsters All-Out Attack",2001,https://boxd.it/1b0i
2026-02-11,Rushmore,1998,https://boxd.it/1TAO
2026-02-11,True Stories,1986,https://boxd.it/1wXU
2026-02-20,Godzilla,1954,https://boxd.it/28kc
2026-02-22,Shin Godzilla,2016,https://boxd.it/a9lm
2026-02-24,Invasion of the Body Snatchers,1978,https://boxd.it/1SWk
